Time,RPM,SoundLevel_dB,Status
NaN,NaN,NaN,Logging started by user manual toggle
40888,0,52,
41088,0,51.3,
41288,0,51.5,
41488,0,52.2,
41709,0,51.8,Motor Started
41909,0,64,Motor Started
42109,0,66.2,
42309,0,64.9,
42509,0,64.9,
42710,0,64.7,
42910,0,65.4,
43110,0,64.7,
43310,0,65.7,
43510,0,65.4,
43710,0,64.9,
43910,0,65.9,
44110,0,65.4,
44310,0,65.7,
44510,0,69.8,
44710,0,64.9,
44910,0,64.9,
45110,0,65.2,
45310,0,64.9,
45510,0,65.7,
45710,0,64.9,
45910,0,65.7,
46110,0,65.4,
46310,0,65.4,
46510,0,65.2,
46710,0,65.7,
46910,0,64.9,
47110,0,65.7,
47310,0,64.2,
47510,0,65.9,
47710,0,64.5,
48733,60,68.6,
49750,NaN,60.5,
50766,NaN,67.1,Engaged
64166,611,75.2,
64366,607,74.7,
64566,611,74.7,
64766,611,75,
64966,611,74.5,
65166,607,74.2,
65366,611,73.5,
65566,611,75.9,
65766,611,73.7,
65966,611,74.5,
66166,611,75.4,
66366,611,74.7,
66566,607,75.4,
66766,615,74.5,
66966,611,74.7,
67166,607,75.4,
67366,615,75.2,
67566,607,74.2,
67766,611,72.8,
67966,611,75.2,
68166,611,74,
68366,607,74.2,
68566,611,73.7,
68766,615,74,
68966,607,74.7,
69166,611,74.2,
69366,611,75,
69566,611,75,
69766,611,74,
69966,611,74.7,
70166,607,75.2,
70366,611,74,
70566,611,73.5,
70766,611,74.5,
70966,607,73,
71166,615,73.2,
71366,607,74.2,
71566,611,74.5,
71766,607,74.2,
71966,615,73.7,
72166,607,74,
72366,611,74.5,
72566,611,75,
72766,611,75,
72966,607,74.7,
73166,615,74.2,
73366,607,75.4,
73566,611,73.7,
73766,611,73.7,
74675,592,66.9,Motor Stopped
74875,596,64.9,Disengaged
75075,588,65.9,
75275,588,64.5,
75475,585,65.7,
75675,585,65.4,
75875,577,66.9,
76075,577,64.9,
76275,577,64,
76475,573,64,
76675,570,64,
76875,570,64.7,
77075,566,64.2,
77275,562,64.9,
77475,562,64.5,
77675,558,64.5,
77875,555,63.5,
78075,555,64.2,
78275,547,62,
78475,547,63.2,
78675,551,61.8,
78875,543,62.7,
79075,540,66.2,
79275,540,64.5,
79475,540,63.7,
79675,536,62.5,
79875,532,63.2,
80075,532,62.3,
80275,528,62.7,
80475,528,63,
80675,525,62.5,
80875,521,61.3,
81075,521,63.5,
81275,521,61.3,
81475,513,62.5,
81675,513,62.7,
81875,513,63.7,
82075,506,62,
82275,510,62.5,
82475,502,64,
82675,502,64,
82875,498,62,
83075,498,63.2,
83275,495,63,
83475,491,63.7,
83675,487,64,
83875,487,63.7,
84075,483,63.5,
84275,480,63.7,
84475,480,62.5,
84675,476,62,
84875,468,62.7,
85075,476,62.3,
85275,465,62.5,
85475,468,62.3,
85675,461,63,
85875,465,62,
86075,457,60.5,
86275,457,62.5,
86475,453,60.1,
86675,453,62,
86875,450,61.5,
87075,450,60.5,
87275,446,60.3,
87475,446,62.5,
87675,442,60.8,
87875,442,63,
88075,438,59.8,
88275,438,62,
88475,431,59.6,
88675,435,60.5,
88875,431,59.8,
89075,431,60.8,
89275,423,62,
89475,423,62,
89675,427,61.8,
89875,416,62.7,
90075,420,60.1,
90275,416,61.5,
90475,412,59.3,
90675,408,59.1,
90875,408,60.3,
91075,405,59.1,
91275,401,60.8,
91475,405,59.1,
91675,397,58.3,
91875,393,58.6,
92075,393,63,
92275,393,60.8,
92475,390,60.3,
92675,386,60.5,
92875,386,59.1,
93075,382,60.1,
93275,378,59.1,
93475,378,58.6,
93675,375,63.2,
93875,371,63.5,
94075,371,59.8,
94275,367,59.8,
94475,363,60.3,
94675,363,60.1,
94875,360,60.8,
95075,360,58.1,
95275,352,59.6,
95475,356,60.1,
95675,348,59.3,
95875,348,61,
96075,348,59.3,
96275,345,63.5,
96475,341,61.5,
96675,341,61.3,
96875,337,58.3,
97075,333,60.8,
97275,333,67.1,
97475,330,62.5,
97675,330,61.5,
97875,326,59.6,
98075,322,60.8,
98275,322,60.1,
98475,318,59.3,
98675,315,59.6,
98875,315,59.1,
99075,311,59.8,
99275,311,58.1,
99475,307,57.4,
99675,307,59.8,
99875,303,58.3,
100075,303,55.9,
100275,300,62.7,
100475,300,61,
100675,292,63.2,
100875,296,59.1,
101075,296,60.5,
101275,288,60.5,
101475,288,60.1,
101675,288,58.6,
101875,288,57.6,
102075,285,56.9,
102275,281,57.1,
102475,285,58.8,
102675,277,56.9,
102875,277,58.8,
103075,277,55.9,
103275,273,57.4,
103475,270,59.6,
103675,273,58.6,
103875,266,62.7,
104075,266,58.6,
104275,266,58.8,
104475,262,57.9,
104675,262,57.1,
104875,255,57.4,
105075,255,55.4,
105275,255,55.9,
105475,251,56.2,
105675,251,61.5,
105875,247,59.3,
106075,247,59.3,
106275,243,55.9,
106475,243,54.9,
106675,240,57.1,
106875,240,68.8,
107075,236,58.1,
107275,236,55.9,
107475,232,55.9,
107675,232,55.4,
107875,228,66.4,
108075,228,59.1,
108275,225,55.4,
108475,225,62.5,
108675,225,65.2,
108875,217,62.3,
109075,217,56.4,
109275,217,57.6,
109475,217,56.4,
109675,210,56.6,
109875,210,57.1,
110075,210,64,
110275,206,57.4,
110475,202,54.7,
110675,202,56.9,
110875,198,56.2,
111075,195,57.1,
111275,195,58.1,
111475,195,60.8,
111675,187,66.7,
111875,187,67.1,
112075,187,60.1,
112275,180,58.3,
112475,180,55.9,
112675,180,54.4,
112875,176,70.8,
113075,176,67.9,
113275,172,68.8,
113475,168,66.9,
113675,168,60.5,
113875,165,56.6,
114075,161,54.4,
114275,161,54.7,
114475,157,54,
114675,157,55.9,
114875,157,57.1,
115075,150,55.9,
115275,153,64.2,
115475,146,65.2,
115675,146,62.5,
115875,146,59.6,
116075,138,53.5,
116275,138,54,
116475,138,53.2,
116675,131,54,
116875,135,54.9,
117075,127,54.9,
117275,127,54.2,
117475,120,53.5,
117675,123,55.2,
117875,116,53.5,
118075,116,53,
118275,116,54,
118475,108,54,
118675,108,55.7,
118875,105,58.8,
119075,105,57.6,
119275,97,55.4,
119475,97,61.5,
119675,97,59.8,
119875,90,56.6,
120075,90,53.2,
120275,90,53.5,
120475,82,53.2,
120675,82,58.8,
120875,78,64,
121075,75,53.5,
121275,71,53.7,
121475,75,54,
121675,67,52.2,
121875,67,52,
122075,60,52.2,
122275,60,52.2,
122475,60,53.5,
122675,56,61.8,
122875,56,57.1,
123075,48,60.8,
123275,48,53.5,
123475,45,52.7,
123675,45,52.5,
123875,37,53.5,
124075,41,51.8,
124275,33,51.8,
124475,33,52.5,
124675,30,67.1,
124875,26,63,
125075,26,60.3,
125275,26,63.5,
125475,22,59.8,
125675,18,57.4,
125875,18,54.7,
126075,11,57.1,
126275,11,59.6,
126475,11,76.7,
126675,11,80.6,
126875,3,71,
127075,3,66.4,
127275,7,69.1,
127475,0,58.6,
127675,0,55.4,
127875,0,57.6,
128075,0,54.4,
128275,0,51,
128475,0,52,
128675,0,55.4,
128875,0,73,
129075,0,66.2,
129275,0,54,
129475,0,72.5,
129675,0,54,
129875,0,54,
130075,0,65.2,
130275,0,59.8,
130475,0,68.6,
130675,0,64.9,
130875,0,60.1,
131075,0,54.2,
131275,0,52.5,
131475,0,57.1,
131675,0,62.5,
131875,0,53.2,
132075,0,52,
132275,0,51.5,
132475,0,51.8,
132675,0,50.8,
132875,0,51.8,
133075,0,50.5,
133275,0,51.8,
NaN,NaN,NaN,Logging stopped by user manual toggle
