Series,Unit,Samples,MaxAbsDifference,PeakScaledPercent,Source
omega_AB_z,rad/s,361,6.84055476800616e-05,0.00282193140769088,PMKS native CSV 2026-09-11: omega_AB.csv
alpha_AB_z,rad/s^2,361,0,NaN,PMKS native CSV 2026-09-11: alpha_AB.csv
a_S1_x,m/s^2,361,0.00260629994253048,0.1529458844751,PMKS native CSV 2026-09-11: a_S1.csv
a_S1_y,m/s^2,361,0.00260629994252182,0.152945884474592,PMKS native CSV 2026-09-11: a_S1.csv
omega_BC_z,rad/s,361,0.00137665888762728,0.055730033441273,PMKS native CSV 2026-09-11: omega_BC.csv
alpha_BC_z,rad/s^2,361,0.0116524999742336,0.130925525473889,PMKS native CSV 2026-09-11: alpha_BC.csv
a_S2_x,m/s^2,361,0.00695779043897815,0.0888309158131817,PMKS native CSV 2026-09-11: a_S2.csv
a_S2_y,m/s^2,361,0.0053774654112817,0.0810173308029985,PMKS native CSV 2026-09-11: a_S2.csv
omega_DCE_z,rad/s,361,0.00120351016514997,0.0381644295190838,PMKS native CSV 2026-09-11: omega_DCE.csv
alpha_DCE_z,rad/s^2,361,0.014045549723237,0.0878459359269478,PMKS native CSV 2026-09-11: alpha_DCE.csv
a_S3_x,m/s^2,361,0.0845243879853861,0.526826871323504,PMKS native CSV 2026-09-11: a_S3.csv
a_S3_y,m/s^2,361,0.0948996938704982,0.587577919280319,PMKS native CSV 2026-09-11: a_S3.csv
omega_EF_z,rad/s,361,0.015730821565854,0.493351301142949,PMKS native CSV 2026-09-11: omega_EF.csv
alpha_EF_z,rad/s^2,361,0.0728446583052929,0.416885008217777,PMKS native CSV 2026-09-11: alpha_EF.csv
a_S4_x,m/s^2,361,0.59194235204178,1.88401496681965,PMKS native CSV 2026-09-11: a_S4.csv
a_S4_y,m/s^2,361,0.522021750626756,1.34587909577924,PMKS native CSV 2026-09-11: a_S4.csv
omega_GFH_z,rad/s,361,0.00451471186675478,0.129312013018829,PMKS native CSV 2026-09-11: omega_GFH.csv
alpha_GFH_z,rad/s^2,361,0.0339621692146563,0.189054667088786,PMKS native CSV 2026-09-11: alpha_GFH.csv
a_S5_x,m/s^2,361,0.624976217617997,2.19464474734697,PMKS native CSV 2026-09-11: a_S5.csv
a_S5_y,m/s^2,361,0.509079155192874,1.29889332249689,PMKS native CSV 2026-09-11: a_S5.csv
v_A_x,m/s,361,0,NaN,PMKS native CSV 2026-09-11: v_A.csv
v_A_y,m/s,361,0,NaN,PMKS native CSV 2026-09-11: v_A.csv
a_A_x,m/s^2,361,0,NaN,PMKS native CSV 2026-09-11: a_A.csv
a_A_y,m/s^2,361,0,NaN,PMKS native CSV 2026-09-11: a_A.csv
v_B_x,m/s,361,0.000703151515672906,0.0506544872490983,PMKS native CSV 2026-09-11: v_B.csv
v_B_y,m/s,361,0.000838623174346909,0.0604137599719187,PMKS native CSV 2026-09-11: v_B.csv
a_B_x,m/s^2,361,0.00141141850524001,0.0419449752401945,PMKS native CSV 2026-09-11: a_B.csv
a_B_y,m/s^2,361,0.00132173437331007,0.0392797142426421,PMKS native CSV 2026-09-11: a_B.csv
v_C_x,m/s,361,0.0012895247154221,0.0477400050437075,PMKS native CSV 2026-09-11: v_C.csv
v_C_y,m/s,361,0.0012394771703701,0.0616534443449382,PMKS native CSV 2026-09-11: v_C.csv
a_C_x,m/s^2,361,0.00904095761881152,0.071657152802176,PMKS native CSV 2026-09-11: a_C.csv
a_C_y,m/s^2,361,0.016980494378187,0.134564137951459,PMKS native CSV 2026-09-11: a_C.csv
v_D_x,m/s,361,0,NaN,PMKS native CSV 2026-09-11: v_D.csv
v_D_y,m/s,361,0,NaN,PMKS native CSV 2026-09-11: v_D.csv
a_D_x,m/s^2,361,0,NaN,PMKS native CSV 2026-09-11: a_D.csv
a_D_y,m/s^2,361,0,NaN,PMKS native CSV 2026-09-11: a_D.csv
v_E_x,m/s,361,0.0750422444601346,1.09828322372558,PMKS native CSV 2026-09-11: v_E.csv
v_E_y,m/s,361,0.105835446610652,2.06430482509331,PMKS native CSV 2026-09-11: v_E.csv
a_E_x,m/s^2,361,0.446965183109388,1.40042080528378,PMKS native CSV 2026-09-11: a_E.csv
a_E_y,m/s^2,361,0.462860135117602,1.44061989911424,PMKS native CSV 2026-09-11: a_E.csv
v_F_x,m/s,361,0.130090851757452,2.17788160883127,PMKS native CSV 2026-09-11: v_F.csv
v_F_y,m/s,361,0.0973123751416454,1.20905875735519,PMKS native CSV 2026-09-11: v_F.csv
a_F_x,m/s^2,361,0.731936546083178,2.19811161286984,PMKS native CSV 2026-09-11: a_F.csv
a_F_y,m/s^2,361,0.596284592486325,1.30111992280398,PMKS native CSV 2026-09-11: a_F.csv
v_G_x,m/s,361,0,NaN,PMKS native CSV 2026-09-11: v_G.csv
v_G_y,m/s,361,0,NaN,PMKS native CSV 2026-09-11: v_G.csv
a_G_x,m/s^2,361,0,NaN,PMKS native CSV 2026-09-11: a_G.csv
a_G_y,m/s^2,361,0,NaN,PMKS native CSV 2026-09-11: a_G.csv
v_H_x,m/s,361,0.270468482044488,2.64300042850302,PMKS native CSV 2026-09-11: v_H.csv
v_H_y,m/s,361,0.199620982961465,1.44770003115103,PMKS native CSV 2026-09-11: v_H.csv
a_H_x,m/s^2,361,1.42198104332912,2.49266074720534,PMKS native CSV 2026-09-11: a_H.csv
a_H_y,m/s^2,361,1.21510761647749,1.54764568746437,PMKS native CSV 2026-09-11: a_H.csv
static_F_A_x,N,361,68.3852947609776,0.783967403965227,PMKS native CSV 2026-09-11: static_F_A.csv
static_F_A_y,N,361,53.0361242033266,1.67340400179309,PMKS native CSV 2026-09-11: static_F_A.csv
static_T_z,N m,361,43.0341655411044,1.20105505584768,PMKS native CSV 2026-09-11: static_T.csv
static_F_B_x,N,361,68.3852947609776,0.783967403965227,PMKS native CSV 2026-09-11: static_F_B.csv
static_F_B_y,N,361,53.0634242033268,1.63366075536412,PMKS native CSV 2026-09-11: static_F_B.csv
static_F_C_x,N,361,68.3852947609776,0.783967403965227,PMKS native CSV 2026-09-11: static_F_C.csv
static_F_C_y,N,361,53.1285242033266,1.5450886887487,PMKS native CSV 2026-09-11: static_F_C.csv
static_F_D_x,N,361,65.2491719328518,0.807084155864346,PMKS native CSV 2026-09-11: static_F_D.csv
static_F_D_y,N,361,61.6008283660904,1.41670983648994,PMKS native CSV 2026-09-11: static_F_D.csv
static_F_E_x,N,361,16.1586263238609,2.00491064798793,PMKS native CSV 2026-09-11: static_F_E.csv
static_F_E_y,N,361,18.0560102081693,1.78742959433638,PMKS native CSV 2026-09-11: static_F_E.csv
static_F_F_x,N,361,16.1586263238609,2.00491064798793,PMKS native CSV 2026-09-11: static_F_F.csv
static_F_F_y,N,361,18.0014102081693,2.11374305680666,PMKS native CSV 2026-09-11: static_F_F.csv
static_F_G_x,N,361,16.1586263238609,2.00491064798793,PMKS native CSV 2026-09-11: static_F_G.csv
static_F_G_y,N,361,17.8016102081692,1.97205073655906,PMKS native CSV 2026-09-11: static_F_G.csv
