Time (seconds),Time (steps),Torque (N·m)
0,0,-504.264
0.0072,1,-505.534
0.0144,2,-525.935
0.0216,3,-548.502
0.0288,4,-573.186
0.036,5,-602.162
0.043199999999999995,6,-611.804
0.05039999999999999,7,-640.276
0.05759999999999999,8,-654.382
0.0648,9,-685.128
0.072,10,-699.863
0.07919999999999999,11,-732.075
0.08639999999999999,12,-745.903
0.09359999999999999,13,-782.517
0.10079999999999999,14,-792.247
0.10799999999999998,15,-825.071
0.11519999999999998,16,-852.806
0.12239999999999998,17,-863.432
0.1296,18,-891.863
0.1368,19,-923.254
0.14400000000000002,20,-947
0.15120000000000003,21,-970.649
0.15840000000000004,22,-994.421
0.16560000000000005,23,-1013.306
0.17280000000000006,24,-1032.064
0.18000000000000008,25,-1065.481
0.1872000000000001,26,-1075.372
0.1944000000000001,27,-1104.918
0.2016000000000001,28,-1128.603
0.20880000000000012,29,-1157.147
0.21600000000000014,30,-1182.73
0.22320000000000015,31,-1194.487
0.23040000000000016,32,-1229.096
0.23760000000000017,33,-1243.534
0.24480000000000018,34,-1274.61
0.25200000000000017,35,-1286.127
0.25920000000000015,36,-1313.063
0.26640000000000014,37,-1330.325
0.2736000000000001,38,-1350.536
0.2808000000000001,39,-1372.216
0.2880000000000001,40,-1406.067
0.2952000000000001,41,-1413.468
0.30240000000000006,42,-1444.273
0.30960000000000004,43,-1456.275
0.3168,44,-1487.965
0.324,45,-1503.382
0.3312,46,-1516.655
0.3384,47,-1539.074
0.34559999999999996,48,-1557.01
0.35279999999999995,49,-1578.528
0.35999999999999993,50,-1599.623
0.3671999999999999,51,-1606.689
0.3743999999999999,52,-1627.235
0.3815999999999999,53,-1643.054
0.38879999999999987,54,-1657.086
0.39599999999999985,55,-1670.897
0.40319999999999984,56,-1686.531
0.4103999999999998,57,-1701.124
0.4175999999999998,58,-1711.633
0.4247999999999998,59,-1724.455
0.4319999999999998,60,-1739.448
0.43919999999999976,61,-1747.553
0.44639999999999974,62,-1760.251
0.4535999999999997,63,-1767.254
0.4607999999999997,64,-1774.817
0.4679999999999997,65,-1784.071
0.4751999999999997,66,-1795.67
0.48239999999999966,67,-1797.719
0.48959999999999965,68,-1806.1
0.49679999999999963,69,-1816.786
0.5039999999999997,70,-1818.518
0.5111999999999997,71,-1815.042
0.5183999999999996,72,-1825.589
0.5255999999999996,73,-1826.356
0.5327999999999996,74,-1822.276
0.5399999999999996,75,-1821.906
0.5471999999999996,76,-1823.406
0.5543999999999996,77,-1816.341
0.5615999999999995,78,-1811.789
0.5687999999999995,79,-1809.671
0.5759999999999995,80,-1799.902
0.5831999999999995,81,-1788.874
0.5903999999999995,82,-1783.946
0.5975999999999995,83,-1772.514
0.6047999999999994,84,-1759.519
0.6119999999999994,85,-1749.222
0.6191999999999994,86,-1729.951
0.6263999999999994,87,-1716.538
0.6335999999999994,88,-1695.413
0.6407999999999994,89,-1679.784
0.6479999999999994,90,-1655.775
0.6551999999999993,91,-1634.433
0.6623999999999993,92,-1607.662
0.6695999999999993,93,-1581.97
0.6767999999999993,94,-1553.494
0.6839999999999993,95,-1522.138
0.6911999999999993,96,-1490.618
0.6983999999999992,97,-1454.617
0.7055999999999992,98,-1420.023
0.7127999999999992,99,-1379.119
0.7199999999999992,100,-1337.413
0.7271999999999992,101,-1294.334
0.7343999999999992,102,-1247.611
0.7415999999999991,103,-1198.184
0.7487999999999991,104,-1145.255
0.7559999999999991,105,-1090.164
0.7631999999999991,106,-1030.665
0.7703999999999991,107,-969.531
0.7775999999999991,108,-903.981
0.784799999999999,109,-835.349
0.791999999999999,110,-763.401
0.799199999999999,111,-687.185
0.806399999999999,112,-608.194
0.813599999999999,113,-524.603
0.820799999999999,114,-437.212
0.827999999999999,115,-345.076
0.8351999999999989,116,-249.043
0.8423999999999989,117,-147.966
0.8495999999999989,118,-43.002
0.8567999999999989,119,66.174
0.8639999999999989,120,180.456
0.8711999999999989,121,299.296
0.8783999999999988,122,422.438
0.8855999999999988,123,550.024
0.8927999999999988,124,681.178
0.8999999999999988,125,816.323
0.9071999999999988,126,955.381
0.9143999999999988,127,1098.917
0.9215999999999988,128,1245.238
0.9287999999999987,129,1392.393
0.9359999999999987,130,1542.749
0.9431999999999987,131,1694.481
0.9503999999999987,132,1846.2
0.9575999999999987,133,1996.997
0.9647999999999987,134,2148.203
0.9719999999999986,135,2294.241
0.9791999999999986,136,2437.861
0.9863999999999986,137,2578.847
0.9935999999999986,138,2711.491
1.0007999999999986,139,2843.237
1.0079999999999987,140,2961.897
1.0151999999999988,141,3076.383
1.0223999999999989,142,3180.6
1.029599999999999,143,3266.901
1.036799999999999,144,3351.74
1.0439999999999992,145,3409.542
1.0511999999999992,146,3476.938
1.0583999999999993,147,3519.497
1.0655999999999994,148,3538.621
1.0727999999999995,149,3556.296
1.0799999999999996,150,3553.534
1.0871999999999997,151,3548.147
1.0943999999999998,152,3539.476
1.1016,153,3494.783
1.1088,154,3455.884
1.116,155,3412.414
1.1232000000000002,156,3329.539
1.1304000000000003,157,3268.528
1.1376000000000004,158,3196.558
1.1448000000000005,159,3118.391
1.1520000000000006,160,3029.062
1.1592000000000007,161,2933.245
1.1664000000000008,162,2848.518
1.1736000000000009,163,2741.609
1.180800000000001,164,2622.707
1.188000000000001,165,2521.873
1.1952000000000012,166,2426.845
1.2024000000000012,167,2309.958
1.2096000000000013,168,2214.733
1.2168000000000014,169,2101.612
1.2240000000000015,170,2014.196
1.2312000000000016,171,1909.987
1.2384000000000017,172,1804.907
1.2456000000000018,173,1709.946
1.252800000000002,174,1622.178
1.260000000000002,175,1530.339
1.267200000000002,176,1451.973
1.2744000000000022,177,1352.978
1.2816000000000023,178,1274.417
1.2888000000000024,179,1219.106
1.2960000000000025,180,1137.311
1.3032000000000026,181,1055.665
1.3104000000000027,182,983.658
1.3176000000000028,183,925.473
1.3248000000000029,184,856.684
1.332000000000003,185,809.905
1.339200000000003,186,759.4
1.3464000000000031,187,684.37
1.3536000000000032,188,638.969
1.3608000000000033,189,606.655
1.3680000000000034,190,557.077
1.3752000000000035,191,498.884
1.3824000000000036,192,477.324
1.3896000000000037,193,430.093
1.3968000000000038,194,384.53
1.404000000000004,195,354.363
1.411200000000004,196,337.126
1.418400000000004,197,289.129
1.4256000000000042,198,272.604
1.4328000000000043,199,242.272
1.4400000000000044,200,222.177
1.4472000000000045,201,192.78
1.4544000000000046,202,171.9
1.4616000000000047,203,150.111
1.4688000000000048,204,131.049
1.4760000000000049,205,127.162
1.483200000000005,206,100.198
1.490400000000005,207,92.43
1.4976000000000051,208,82.231
1.5048000000000052,209,69.463
1.5120000000000053,210,51.341
1.5192000000000054,211,36.757
1.5264000000000055,212,37.017
1.5336000000000056,213,19.584
1.5408000000000057,214,13.256
1.5480000000000058,215,2.677
1.555200000000006,216,5.369
1.562400000000006,217,-9.881
1.569600000000006,218,-6.174
1.5768000000000062,219,-19.192
1.5840000000000063,220,-17.088
1.5912000000000064,221,-26.016
1.5984000000000065,222,-27.54
1.6056000000000066,223,-31.124
1.6128000000000067,224,-27.052
1.6200000000000068,225,-32.692
1.6272000000000069,226,-32.685
1.634400000000007,227,-35.233
1.641600000000007,228,-37.649
1.6488000000000071,229,-33.115
1.6560000000000072,230,-38.076
1.6632000000000073,231,-32.124
1.6704000000000074,232,-34.54
1.6776000000000075,233,-33.47
1.6848000000000076,234,-34.255
1.6920000000000077,235,-33.181
1.6992000000000078,236,-30.805
1.706400000000008,237,-29.471
1.713600000000008,238,-26.83
1.720800000000008,239,-21.226
1.7280000000000082,240,-18.941
1.7352000000000083,241,-19.005
1.7424000000000084,242,-13.978
1.7496000000000085,243,-12.375
1.7568000000000086,244,-9.486
1.7640000000000087,245,-6.896
1.7712000000000088,246,-4.686
1.7784000000000089,247,-2.119
1.785600000000009,248,1.43
1.792800000000009,249,4.775
1.8000000000000091,250,9.045
1.8072000000000092,251,13.914
1.8144000000000093,252,16.299
1.8216000000000094,253,20.101
1.8288000000000095,254,23.032
1.8360000000000096,255,27.632
1.8432000000000097,256,30.506
1.8504000000000098,257,34.733
1.85760000000001,258,38.317
1.86480000000001,259,42.407
1.87200000000001,260,45.954
1.8792000000000102,261,49.643
1.8864000000000103,262,53.77
1.8936000000000104,263,57.388
1.9008000000000105,264,61.302
1.9080000000000106,265,64.942
1.9152000000000107,266,68.549
1.9224000000000108,267,72.382
1.9296000000000109,268,75.854
1.936800000000011,269,79.783
1.944000000000011,270,83.214
1.9512000000000111,271,86.866
1.9584000000000112,272,90.153
1.9656000000000113,273,93.316
1.9728000000000114,274,97.068
1.9800000000000115,275,100.225
1.9872000000000116,276,102.148
1.9944000000000117,277,105.379
2.001600000000012,278,109.576
2.008800000000012,279,111.817
2.016000000000012,280,113.718
2.023200000000012,281,117.385
2.030400000000012,282,120.697
2.0376000000000123,283,122.033
2.0448000000000124,284,125.611
2.0520000000000125,285,125.071
2.0592000000000126,286,126.346
2.0664000000000127,287,130.396
2.0736000000000128,288,132.185
2.080800000000013,289,131.94
2.088000000000013,290,132.365
2.095200000000013,291,137.834
2.102400000000013,292,137.815
2.1096000000000132,293,138.175
2.1168000000000133,294,140.22
2.1240000000000134,295,136.987
2.1312000000000135,296,139.653
2.1384000000000136,297,137.717
2.1456000000000137,298,135.644
2.152800000000014,299,139.251
2.160000000000014,300,139.821
2.167200000000014,301,139.2
2.174400000000014,302,135.279
2.181600000000014,303,133.797
2.1888000000000143,304,132.283
2.1960000000000144,305,131.739
2.2032000000000145,306,131.59
2.2104000000000146,307,126.513
2.2176000000000147,308,119.963
2.2248000000000148,309,122.603
2.232000000000015,310,119.878
2.239200000000015,311,110.647
2.246400000000015,312,105.387
2.253600000000015,313,104.158
2.2608000000000152,314,96.517
2.2680000000000153,315,91.661
2.2752000000000154,316,86.4
2.2824000000000155,317,80.915
2.2896000000000156,318,83.542
2.2968000000000157,319,75.812
2.304000000000016,320,67.559
2.311200000000016,321,58.984
2.318400000000016,322,50.429
2.325600000000016,323,46.728
2.332800000000016,324,39.991
2.3400000000000163,325,24.098
2.3472000000000164,326,19.531
2.3544000000000165,327,16.073
2.3616000000000166,328,4.913
2.3688000000000167,329,-3.156
2.3760000000000168,330,-22.995
2.383200000000017,331,-27.511
2.390400000000017,332,-44.487
2.397600000000017,333,-52.531
2.404800000000017,334,-60.125
2.4120000000000172,335,-76.187
2.4192000000000173,336,-91.691
2.4264000000000174,337,-98.265
2.4336000000000175,338,-116.524
2.4408000000000176,339,-128.411
2.4480000000000177,340,-135.263
2.455200000000018,341,-149.011
2.462400000000018,342,-172.767
2.469600000000018,343,-189.06
2.476800000000018,344,-196.361
2.484000000000018,345,-210.96
2.4912000000000183,346,-236.089
2.4984000000000184,347,-252.551
2.5056000000000185,348,-256.834
2.5128000000000186,349,-286.483
2.5200000000000187,350,-303.907
2.5272000000000188,351,-311.445
2.534400000000019,352,-326.337
2.541600000000019,353,-345.477
2.548800000000019,354,-368.201
2.556000000000019,355,-382.235
2.5632000000000192,356,-415.245
2.5704000000000193,357,-420.763
2.5776000000000194,358,-444.183
2.5848000000000195,359,-474.923
2.5920000000000196,360,-487.587
