Time (seconds),Time (steps),Force (N), X-comp,Y-comp
0,0,415.002,-405.291,89.248
0.0072,1,411.591,-401.544,90.384
0.0144,2,419.963,-410.739,87.536
0.0216,3,429.597,-421.285,84.098
0.0288,4,440.349,-433.027,79.968
0.036,5,453.604,-447.428,74.601
0.043199999999999995,6,455.121,-449.075,73.934
0.05039999999999999,7,467.844,-462.825,68.344
0.05759999999999999,8,472,-467.293,66.491
0.0648,9,485.836,-482.14,59.81
0.072,10,490.308,-486.91,57.628
0.07919999999999999,11,504.782,-502.295,50.053
0.08639999999999999,12,508.617,-506.347,47.999
0.09359999999999999,13,525.496,-524.092,38.383
0.10079999999999999,14,526.883,-525.54,37.593
0.10799999999999998,15,541.405,-540.64,28.78
0.11519999999999998,16,552.926,-552.51,21.433
0.12239999999999998,17,554.775,-554.407,20.182
0.1296,18,566.706,-566.575,12.213
0.1368,19,580.127,-580.121,2.689
0.14400000000000002,20,589.263,-589.249,-4.024
0.15120000000000003,21,598.341,-598.242,-10.909
0.15840000000000004,22,607.412,-607.144,-18.026
0.16560000000000005,23,613.861,-613.426,-23.1
0.17280000000000006,24,620.22,-619.571,-28.357
0.18000000000000008,25,634.547,-633.249,-40.564
0.1872000000000001,26,636.068,-634.689,-41.859
0.1944000000000001,27,648.33,-646.174,-52.835
0.2016000000000001,28,657.379,-654.525,-61.185
0.20880000000000012,29,668.994,-665.087,-72.197
0.21600000000000014,30,679.128,-674.134,-82.201
0.22320000000000015,31,681.813,-676.499,-84.963
0.23040000000000016,32,696.667,-689.39,-100.428
0.23760000000000017,33,700.891,-693.008,-104.823
0.24480000000000018,34,714.022,-704.012,-119.143
0.25200000000000017,35,716.85,-706.33,-122.361
0.25920000000000015,36,727.808,-715.19,-134.934
0.26640000000000014,37,733.684,-719.857,-141.77
0.2736000000000001,38,741.166,-725.665,-150.79
0.2808000000000001,39,749.675,-732.133,-161.226
0.2880000000000001,40,764.252,-742.799,-179.806
0.2952000000000001,41,765.454,-743.669,-181.318
0.30240000000000006,42,778.639,-752.793,-198.95
0.30960000000000004,43,782.371,-755.302,-204.017
0.3168,44,796.129,-764.162,-223.335
0.324,45,801.673,-767.559,-231.372
0.3312,46,806.38,-770.372,-238.277
0.3384,47,815.772,-775.73,-252.444
0.34559999999999996,48,822.908,-779.569,-263.535
0.35279999999999995,49,832.012,-784.192,-278.006
0.35999999999999993,50,840.941,-788.405,-292.574
0.3671999999999999,51,843.099,-789.375,-296.149
0.3743999999999999,52,852.106,-793.155,-311.431
0.3815999999999999,53,858.765,-795.679,-323.068
0.38879999999999987,54,864.855,-797.785,-333.935
0.39599999999999985,55,870.788,-799.654,-344.709
0.40319999999999984,56,877.813,-801.552,-357.867
0.4103999999999998,57,884.659,-803.133,-370.944
0.4175999999999998,58,889.557,-804.031,-380.586
0.4247999999999998,59,895.696,-804.956,-392.83
0.4319999999999998,60,903.144,-805.66,-408.145
0.43919999999999976,61,907.503,-805.765,-417.499
0.44639999999999974,62,914.14,-805.703,-431.85
0.4535999999999997,63,918.235,-805.476,-440.868
0.4607999999999997,64,922.945,-804.922,-451.583
0.4679999999999997,65,928.655,-803.998,-464.745
0.4751999999999997,66,935.745,-802.175,-481.802
0.48239999999999966,67,938.387,-801.365,-488.246
0.48959999999999965,68,944.299,-799.045,-503.218
0.49679999999999963,69,951.588,-795.321,-522.48
0.5039999999999997,70,954.965,-793.404,-531.476
0.5111999999999997,71,956.123,-792.694,-534.609
0.5183999999999996,72,964.104,-786.587,-557.474
0.5255999999999996,73,967.957,-783.17,-568.846
0.5327999999999996,74,969.841,-781.383,-574.484
0.5399999999999996,75,973.642,-777.282,-586.354
0.5471999999999996,76,978.477,-771.167,-602.261
0.5543999999999996,77,980.063,-769.048,-607.527
0.5615999999999995,78,983.156,-764.54,-618.121
0.5687999999999995,79,987.584,-757.062,-634.177
0.5759999999999995,80,989.067,-754.422,-639.611
0.5831999999999995,81,990.343,-751.919,-644.512
0.5903999999999995,82,994.638,-742.505,-661.809
0.5975999999999995,83,996.56,-737.682,-670.042
0.6047999999999994,84,998.216,-733.23,-677.354
0.6119999999999994,85,1001.538,-723.367,-692.689
0.6191999999999994,86,1001.531,-723.451,-692.592
0.6263999999999994,87,1004.498,-712.798,-707.768
0.6335999999999994,88,1004.832,-711.667,-709.378
0.6407999999999994,89,1007.947,-697.965,-727.189
0.6479999999999994,90,1008.206,-696.505,-728.944
0.6551999999999993,91,1009.74,-688.019,-739.056
0.6623999999999993,92,1010.366,-684.101,-743.536
0.6695999999999993,93,1011.506,-676.394,-752.088
0.6767999999999993,94,1012.39,-669.674,-759.256
0.6839999999999993,95,1012.905,-665.197,-763.865
0.6911999999999993,96,1013.923,-654.889,-774.055
0.6983999999999992,97,1014.052,-652.67,-776.095
0.7055999999999992,98,1015.05,-637.344,-790.013
0.7127999999999992,99,1014.986,-638.734,-788.806
0.7199999999999992,100,1015.276,-632.247,-794.386
0.7271999999999992,101,1015.651,-618.083,-805.927
0.7343999999999992,102,1015.686,-611.733,-810.802
0.7415999999999991,103,1015.707,-605.762,-815.3
0.7487999999999991,104,1015.721,-600.121,-819.478
0.7559999999999991,105,1015.588,-594.456,-823.432
0.7631999999999991,106,1015.528,-589.465,-826.939
0.7703999999999991,107,1015.308,-584.118,-830.456
0.7775999999999991,108,1015.357,-584.582,-830.189
0.784799999999999,109,1015.267,-581.649,-832.137
0.791999999999999,110,1014.772,-571.17,-838.766
0.799199999999999,111,1015.008,-575.636,-835.993
0.806399999999999,112,1014.829,-571.537,-838.584
0.813599999999999,113,1014.712,-569.701,-839.69
0.820799999999999,114,1014.385,-564.086,-843.08
0.827999999999999,115,1014.024,-557.705,-846.883
0.8351999999999989,116,1014.345,-563.003,-843.756
0.8423999999999989,117,1014.283,-562.078,-844.297
0.8495999999999989,118,1013.855,-555.653,-848.029
0.8567999999999989,119,1014.327,-562.547,-844.038
0.8639999999999989,120,1014.433,-564.726,-842.708
0.8711999999999989,121,1014.363,-563.459,-843.473
0.8783999999999988,122,1014.677,-569.176,-840.005
0.8855999999999988,123,1014.831,-572.024,-838.254
0.8927999999999988,124,1015.072,-577.939,-834.481
0.8999999999999988,125,1015.123,-578.995,-833.81
0.9071999999999988,126,1015.333,-584.026,-830.551
0.9143999999999988,127,1015.326,-584.356,-830.31
0.9215999999999988,128,1015.518,-591.019,-825.817
0.9287999999999987,129,1015.724,-605.505,-815.512
0.9359999999999987,130,1015.751,-612.358,-810.412
0.9431999999999987,131,1015.619,-621.983,-802.881
0.9503999999999987,132,1015.381,-630.093,-796.229
0.9575999999999987,133,1014.747,-642.661,-785.301
0.9647999999999987,134,1014.387,-648.404,-780.099
0.9719999999999986,135,1013.11,-663.458,-765.648
0.9791999999999986,136,1011.794,-674.304,-754.348
0.9863999999999986,137,1010.359,-684.336,-743.31
0.9935999999999986,138,1008.05,-697.334,-727.934
1.0007999999999986,139,1006.448,-704.868,-718.4
1.0079999999999987,140,1003.29,-717.371,-701.406
1.0151999999999988,141,1000.403,-727.11,-687.108
1.0223999999999989,142,996.911,-736.735,-671.605
1.029599999999999,143,991.218,-750.167,-647.891
1.036799999999999,144,987.256,-757.625,-632.993
1.0439999999999992,145,978.799,-770.867,-603.167
1.0511999999999992,146,974.896,-775.806,-590.379
1.0583999999999993,147,967.586,-783.535,-567.71
1.0655999999999994,148,957.091,-792.062,-537.272
1.0727999999999995,149,948.366,-797.134,-513.786
1.0799999999999996,150,937.285,-801.703,-485.567
1.0871999999999997,151,927.93,-804.141,-463.046
1.0943999999999998,152,919.446,-805.379,-443.559
1.1016,153,904.508,-805.718,-411.04
1.1088,154,893.061,-804.601,-387.526
1.116,155,882.126,-802.554,-366.132
1.1232000000000002,156,863.639,-797.4,-331.7
1.1304000000000003,157,851.383,-792.874,-310.169
1.1376000000000004,158,837.872,-787.005,-287.495
1.1448000000000005,159,824.12,-780.221,-265.382
1.1520000000000006,160,808.449,-771.554,-241.443
1.1592000000000007,161,791.901,-761.5,-217.31
1.1664000000000008,162,778.842,-752.929,-199.23
1.1736000000000009,163,760.782,-740.314,-175.283
1.180800000000001,164,739.8,-724.618,-149.108
1.188000000000001,165,723.497,-711.737,-129.92
1.1952000000000012,166,708.812,-699.681,-113.408
1.2024000000000012,167,688.524,-682.38,-91.778
1.2096000000000013,168,673.797,-669.391,-76.928
1.2168000000000014,169,653.824,-651.257,-57.883
1.2240000000000015,170,640.765,-639.113,-45.975
1.2312000000000016,171,622.432,-621.698,-30.219
1.2384000000000017,172,603.337,-603.158,-14.728
1.2456000000000018,173,586.556,-586.553,-2.001
1.252800000000002,174,571.43,-571.36,8.918
1.260000000000002,175,554.354,-553.976,20.466
1.267200000000002,176,540.848,-540.064,29.114
1.2744000000000022,177,519.935,-518.265,41.633
1.2816000000000023,178,504.85,-502.368,50.005
1.2888000000000024,179,496.965,-494.005,54.158
1.2960000000000025,180,479.304,-475.145,63.007
1.3032000000000026,181,460.629,-455.039,71.546
1.3104000000000027,182,444.601,-437.651,78.304
1.3176000000000028,183,432.654,-424.635,82.913
1.3248000000000029,184,415.945,-406.327,88.931
1.332000000000003,185,406.861,-396.34,91.927
1.339200000000003,186,395.566,-383.879,95.441
1.3464000000000031,187,373.54,-359.499,101.453
1.3536000000000032,188,362.568,-347.299,104.111
1.3608000000000033,189,356.482,-340.525,105.462
1.3680000000000034,190,342.316,-324.723,108.331
1.3752000000000035,191,323.395,-303.559,111.52
1.3824000000000036,192,320.143,-299.916,111.989
1.3896000000000037,193,304.477,-282.322,114.02
1.3968000000000038,194,288.665,-264.532,115.545
1.404000000000004,195,279.423,-254.115,116.202
1.411200000000004,196,276.016,-250.269,116.406
1.418400000000004,197,256.5,-228.194,117.131
1.4256000000000042,198,252.305,-223.458,117.151
1.4328000000000043,199,240.373,-209.908,117.124
1.4400000000000044,200,233.288,-201.848,116.964
1.4472000000000045,201,220.498,-187.262,116.415
1.4544000000000046,202,211.812,-177.323,115.85
1.4616000000000047,203,202.032,-166.09,115.026
1.4688000000000048,204,193.326,-156.046,114.126
1.4760000000000049,205,193.255,-155.97,114.108
1.483200000000005,206,178.789,-139.154,112.257
1.490400000000005,207,175.632,-135.471,111.778
1.4976000000000051,208,170.644,-129.621,110.986
1.5048000000000052,209,163.64,-121.351,109.781
1.5120000000000053,210,152.699,-108.296,107.652
1.5192000000000054,211,143.659,-97.345,105.649
1.5264000000000055,212,144.247,-98.068,105.782
1.5336000000000056,213,132.565,-83.628,102.859
1.5408000000000057,214,128.145,-78.047,101.635
1.5480000000000058,215,120.577,-68.292,99.373
1.555200000000006,216,122.009,-70.165,99.815
1.562400000000006,217,110.715,-55.066,96.049
1.569600000000006,218,112.502,-57.517,96.688
1.5768000000000062,219,102.475,-43.347,92.856
1.5840000000000063,220,102.797,-43.827,92.986
1.5912000000000064,221,95.49,-32.671,89.727
1.5984000000000065,222,93.137,-28.839,88.56
1.6056000000000066,223,89.43,-22.473,86.56
1.6128000000000067,224,90.559,-24.47,87.19
1.6200000000000068,225,85.486,-15.09,84.144
1.6272000000000069,226,83.962,-11.989,83.101
1.634400000000007,227,81.04,-5.487,80.854
1.641600000000007,228,78.452,1.268,78.441
1.6488000000000071,229,79.181,-0.765,79.177
1.6560000000000072,230,75.817,10.113,75.139
1.6632000000000073,231,76.854,6.249,76.599
1.6704000000000074,232,74.887,14.388,73.492
1.6776000000000075,233,74.323,17.769,72.167
1.6848000000000076,234,73.666,24.294,69.544
1.6920000000000077,235,73.552,28.274,67.901
1.6992000000000078,236,73.58,30.329,67.039
1.706400000000008,237,73.81,34.357,65.326
1.713600000000008,238,73.998,36.262,64.504
1.720800000000008,239,73.683,32.622,66.068
1.7280000000000082,240,73.89,35.224,64.953
1.7352000000000083,241,75.062,42.923,61.578
1.7424000000000084,242,74.566,40.27,62.757
1.7496000000000085,243,75.54,45.088,60.608
1.7568000000000086,244,76.068,47.214,59.642
1.7640000000000087,245,76.921,50.226,58.26
1.7712000000000088,246,78.348,54.554,56.233
1.7784000000000089,247,79.814,58.392,54.412
1.785600000000009,248,80.298,59.576,53.838
1.792800000000009,249,81.146,61.538,52.893
1.8000000000000091,250,80.706,60.525,53.388
1.8072000000000092,251,79.293,57.071,55.048
1.8144000000000093,252,81.723,62.823,52.268
1.8216000000000094,253,81.926,63.263,52.055
1.8288000000000095,254,84.097,67.74,49.836
1.8360000000000096,255,82.441,64.373,51.504
1.8432000000000097,256,85.304,70.053,48.676
1.8504000000000098,257,84.322,68.177,49.619
1.85760000000001,258,85.484,70.389,48.507
1.86480000000001,259,84.618,68.746,49.337
1.87200000000001,260,86.155,71.628,47.877
1.8792000000000102,261,87.405,73.864,46.731
1.8864000000000103,262,84.967,69.419,48.994
1.8936000000000104,263,86.917,72.997,47.18
1.9008000000000105,264,83.472,66.496,50.457
1.9080000000000106,265,86.687,72.595,47.377
1.9152000000000107,266,83.472,66.496,50.457
1.9224000000000108,267,86.917,72.997,47.18
1.9296000000000109,268,84.967,69.419,48.994
1.936800000000011,269,87.405,73.864,46.731
1.944000000000011,270,86.155,71.628,47.877
1.9512000000000111,271,86.52,72.293,47.533
1.9584000000000112,272,85.484,70.389,48.507
1.9656000000000113,273,84.322,68.177,49.619
1.9728000000000114,274,85.304,70.053,48.676
1.9800000000000115,275,84.567,68.647,49.388
1.9872000000000116,276,81.297,61.878,52.729
1.9944000000000117,277,81.343,61.978,52.682
2.001600000000012,278,83.323,66.192,50.61
2.008800000000012,279,81.569,62.485,52.433
2.016000000000012,280,79.723,58.157,54.53
2.023200000000012,281,80.646,60.39,53.449
2.030400000000012,282,81.031,61.271,53.027
2.0376000000000123,283,79.027,56.389,55.367
2.0448000000000124,284,79.799,58.358,54.426
2.0520000000000125,285,76.624,49.233,58.714
2.0592000000000126,286,75.689,45.707,60.33
2.0664000000000127,287,76.636,49.267,58.7
2.0736000000000128,288,76.119,47.419,59.545
2.080800000000013,289,74.718,41.165,62.355
2.088000000000013,290,74.084,36.955,64.209
2.095200000000013,291,75.214,43.646,61.255
2.102400000000013,292,74.348,38.923,63.345
2.1096000000000132,293,73.906,35.396,64.879
2.1168000000000133,294,73.89,35.224,64.953
2.1240000000000134,295,73.602,25.622,68.998
2.1312000000000135,296,73.563,27.053,68.408
2.1384000000000136,297,73.958,20.65,71.017
2.1456000000000137,298,74.881,14.424,73.479
2.152800000000014,299,74.314,17.804,72.15
2.160000000000014,300,74.549,16.327,72.739
2.167200000000014,301,75.136,13.153,73.975
2.174400000000014,302,77.14,5.29,76.958
2.181600000000014,303,78.4,1.411,78.387
2.1888000000000143,304,79.718,-2.194,79.688
2.1960000000000144,305,80.524,-4.233,80.412
2.2032000000000145,306,81.087,-5.594,80.894
2.2104000000000146,307,84.627,-13.358,83.566
2.2176000000000147,308,89.55,-22.69,86.627
2.2248000000000148,309,87.926,-19.753,85.679
2.232000000000015,310,90.063,-23.599,86.916
2.239200000000015,311,97.133,-35.269,90.504
2.246400000000015,312,101.281,-41.581,92.352
2.253600000000015,313,102.122,-42.834,92.705
2.2608000000000152,314,108.103,-51.432,95.084
2.2680000000000153,315,111.742,-56.476,96.42
2.2752000000000154,316,115.611,-61.721,97.757
2.2824000000000155,317,119.581,-66.986,99.058
2.2896000000000156,318,116.679,-63.136,98.121
2.2968000000000157,319,122.25,-70.463,99.9
2.304000000000016,320,128.145,-78.047,101.635
2.311200000000016,321,134.2,-85.669,103.297
2.318400000000016,322,140.092,-92.978,104.789
2.325600000000016,323,141.828,-95.102,105.218
2.332800000000016,324,145.935,-100.127,106.168
2.3400000000000163,325,157.428,-113.973,108.599
2.3472000000000164,326,159.434,-116.352,109.002
2.3544000000000165,327,160.433,-117.545,109.188
2.3616000000000166,328,167.531,-125.947,110.471
2.3688000000000167,329,171.995,-131.202,111.212
2.3760000000000168,330,185.639,-147.137,113.193
2.383200000000017,331,186.912,-148.62,113.349
2.390400000000017,332,197.833,-161.257,114.603
2.397600000000017,333,201.595,-165.583,114.99
2.404800000000017,334,204.882,-169.363,115.293
2.4120000000000172,335,214.51,-180.412,116.044
2.4192000000000173,336,223.483,-190.674,116.567
2.4264000000000174,337,225.537,-193.009,116.68
2.4336000000000175,338,236.197,-205.164,117.034
2.4408000000000176,339,241.924,-211.672,117.142
2.4480000000000177,340,243.823,-213.832,117.157
2.455200000000018,341,250.652,-221.574,117.182
2.462400000000018,342,264.468,-237.222,116.915
2.469600000000018,343,272.707,-246.541,116.563
2.476800000000018,344,274.461,-248.514,116.488
2.484000000000018,345,281.253,-256.174,116.096
2.4912000000000183,346,295.149,-271.837,114.965
2.4984000000000184,347,302.874,-280.524,114.187
2.5056000000000185,348,302.155,-279.71,114.28
2.5128000000000186,349,318.505,-298.078,112.227
2.5200000000000187,350,326.429,-306.963,111.04
2.5272000000000188,351,327.649,-308.313,110.889
2.534400000000019,352,333.667,-315.047,109.903
2.541600000000019,353,342.352,-324.759,108.334
2.548800000000019,354,353.218,-336.889,106.156
2.556000000000019,355,358.365,-342.619,105.062
2.5632000000000192,356,375.515,-361.685,100.974
2.5704000000000193,357,374.994,-361.111,101.091
2.5776000000000194,358,385.747,-373.024,98.254
2.5848000000000195,359,400.943,-389.823,93.772
2.5920000000000196,360,404.692,-393.944,92.648
