Time (seconds),Time (steps),Velocity (m/s), X-comp,Y-comp
0,0,3.162,-3.16,-0.114
0.0072,1,3.184,-3.183,-0.104
0.0144,2,3.207,-3.204,-0.133
0.0216,3,3.229,-3.224,-0.167
0.0288,4,3.25,-3.244,-0.205
0.036,5,3.271,-3.262,-0.253
0.043199999999999995,6,3.292,-3.282,-0.26
0.05039999999999999,7,3.313,-3.299,-0.306
0.05759999999999999,8,3.332,-3.317,-0.323
0.0648,9,3.352,-3.331,-0.374
0.072,10,3.37,-3.348,-0.392
0.07919999999999999,11,3.39,-3.36,-0.447
0.08639999999999999,12,3.407,-3.376,-0.464
0.09359999999999999,13,3.425,-3.384,-0.528
0.10079999999999999,14,3.442,-3.4,-0.536
0.10799999999999998,15,3.459,-3.408,-0.593
0.11519999999999998,16,3.476,-3.417,-0.639
0.12239999999999998,17,3.492,-3.431,-0.649
0.1296,18,3.507,-3.437,-0.698
0.1368,19,3.523,-3.441,-0.752
0.14400000000000002,20,3.537,-3.448,-0.791
0.15120000000000003,21,3.552,-3.453,-0.83
0.15840000000000004,22,3.566,-3.458,-0.868
0.16560000000000005,23,3.579,-3.465,-0.897
0.17280000000000006,24,3.592,-3.47,-0.926
0.18000000000000008,25,3.604,-3.467,-0.986
0.1872000000000001,26,3.616,-3.476,-0.996
0.1944000000000001,27,3.627,-3.473,-1.049
0.2016000000000001,28,3.638,-3.472,-1.089
0.20880000000000012,29,3.649,-3.467,-1.14
0.21600000000000014,30,3.659,-3.462,-1.185
0.22320000000000015,31,3.669,-3.467,-1.2
0.23040000000000016,32,3.678,-3.454,-1.265
0.23760000000000017,33,3.687,-3.456,-1.286
0.24480000000000018,34,3.695,-3.442,-1.345
0.25200000000000017,35,3.703,-3.444,-1.36
0.25920000000000015,36,3.71,-3.432,-1.41
0.26640000000000014,37,3.717,-3.428,-1.438
0.2736000000000001,38,3.724,-3.42,-1.473
0.2808000000000001,39,3.729,-3.408,-1.513
0.2880000000000001,40,3.734,-3.384,-1.58
0.2952000000000001,41,3.739,-3.385,-1.588
0.30240000000000006,42,3.743,-3.36,-1.649
0.30960000000000004,43,3.746,-3.355,-1.668
0.3168,44,3.75,-3.326,-1.733
0.324,45,3.753,-3.315,-1.76
0.3312,46,3.754,-3.304,-1.782
0.3384,47,3.756,-3.281,-1.827
0.34559999999999996,48,3.757,-3.263,-1.862
0.35279999999999995,49,3.757,-3.237,-1.906
0.35999999999999993,50,3.757,-3.211,-1.949
0.3671999999999999,51,3.755,-3.204,-1.959
0.3743999999999999,52,3.754,-3.175,-2.003
0.3815999999999999,53,3.752,-3.152,-2.035
0.38879999999999987,54,3.749,-3.129,-2.064
0.39599999999999985,55,3.745,-3.106,-2.093
0.40319999999999984,56,3.741,-3.078,-2.127
0.4103999999999998,57,3.736,-3.049,-2.159
0.4175999999999998,58,3.73,-3.026,-2.182
0.4247999999999998,59,3.724,-2.997,-2.211
0.4319999999999998,60,3.717,-2.961,-2.247
0.43919999999999976,61,3.709,-2.936,-2.266
0.44639999999999974,62,3.7,-2.901,-2.297
0.4535999999999997,63,3.691,-2.875,-2.314
0.4607999999999997,64,3.68,-2.845,-2.334
0.4679999999999997,65,3.669,-2.809,-2.36
0.4751999999999997,66,3.656,-2.764,-2.393
0.48239999999999966,67,3.643,-2.741,-2.4
0.48959999999999965,68,3.629,-2.699,-2.427
0.49679999999999963,69,3.614,-2.646,-2.462
0.5039999999999997,70,3.598,-2.614,-2.472
0.5111999999999997,71,3.581,-2.595,-2.468
0.5183999999999996,72,3.563,-2.531,-2.507
0.5255999999999996,73,3.543,-2.491,-2.519
0.5327999999999996,74,3.522,-2.464,-2.517
0.5399999999999996,75,3.5,-2.421,-2.528
0.5471999999999996,76,3.478,-2.369,-2.546
0.5543999999999996,77,3.453,-2.339,-2.539
0.5615999999999995,78,3.426,-2.297,-2.543
0.5687999999999995,79,3.399,-2.24,-2.557
0.5759999999999995,80,3.37,-2.207,-2.546
0.5831999999999995,81,3.339,-2.175,-2.533
0.5903999999999995,82,3.307,-2.112,-2.544
0.5975999999999995,83,3.273,-2.07,-2.535
0.6047999999999994,84,3.237,-2.03,-2.522
0.6119999999999994,85,3.2,-1.967,-2.523
0.6191999999999994,86,3.16,-1.943,-2.492
0.6263999999999994,87,3.118,-1.879,-2.488
0.6335999999999994,88,3.073,-1.848,-2.456
0.6407999999999994,89,3.027,-1.774,-2.453
0.6479999999999994,90,2.978,-1.74,-2.416
0.6551999999999993,91,2.928,-1.685,-2.394
0.6623999999999993,92,2.872,-1.641,-2.357
0.6695999999999993,93,2.816,-1.587,-2.326
0.6767999999999993,94,2.756,-1.535,-2.289
0.6839999999999993,95,2.693,-1.488,-2.245
0.6911999999999993,96,2.627,-1.425,-2.207
0.6983999999999992,97,2.557,-1.382,-2.152
0.7055999999999992,98,2.485,-1.307,-2.113
0.7127999999999992,99,2.408,-1.269,-2.046
0.7199999999999992,100,2.327,-1.213,-1.986
0.7271999999999992,101,2.242,-1.14,-1.931
0.7343999999999992,102,2.153,-1.083,-1.861
0.7415999999999991,103,2.06,-1.025,-1.787
0.7487999999999991,104,1.96,-0.965,-1.706
0.7559999999999991,105,1.857,-0.906,-1.622
0.7631999999999991,106,1.747,-0.844,-1.529
0.7703999999999991,107,1.633,-0.782,-1.434
0.7775999999999991,108,1.513,-0.725,-1.328
0.784799999999999,109,1.386,-0.661,-1.219
0.791999999999999,110,1.254,-0.586,-1.108
0.799199999999999,111,1.114,-0.525,-0.983
0.806399999999999,112,0.969,-0.454,-0.857
0.813599999999999,113,0.816,-0.381,-0.722
0.820799999999999,114,0.656,-0.303,-0.582
0.827999999999999,115,0.488,-0.223,-0.434
0.8351999999999989,116,0.313,-0.144,-0.278
0.8423999999999989,117,0.128,-0.059,-0.114
0.8495999999999989,118,0.063,0.029,0.056
0.8567999999999989,119,0.262,0.121,0.233
0.8639999999999989,120,0.471,0.218,0.417
0.8711999999999989,121,0.687,0.317,0.61
0.8783999999999988,122,0.912,0.425,0.807
0.8855999999999988,123,1.145,0.536,1.012
0.8927999999999988,124,1.385,0.656,1.22
0.8999999999999988,125,1.632,0.774,1.437
0.9071999999999988,126,1.887,0.903,1.657
0.9143999999999988,127,2.149,1.029,1.887
0.9215999999999988,128,2.418,1.172,2.116
0.9287999999999987,129,2.692,1.338,2.335
0.9359999999999987,130,2.97,1.495,2.567
0.9431999999999987,131,3.253,1.665,2.795
0.9503999999999987,132,3.537,1.836,3.023
0.9575999999999987,133,3.824,2.03,3.241
0.9647999999999987,134,4.109,2.203,3.468
0.9719999999999986,135,4.394,2.42,3.668
0.9791999999999986,136,4.675,2.625,3.868
0.9863999999999986,137,4.953,2.832,4.064
0.9935999999999986,138,5.224,3.058,4.235
1.0007999999999986,139,5.489,3.259,4.417
1.0079999999999987,140,5.744,3.491,4.561
1.0151999999999988,141,5.991,3.71,4.704
1.0223999999999989,142,6.225,3.93,4.827
1.029599999999999,143,6.445,4.184,4.903
1.036799999999999,144,6.651,4.388,4.997
1.0439999999999992,145,6.844,4.657,5.014
1.0511999999999992,146,7.02,4.837,5.087
1.0583999999999993,147,7.178,5.052,5.099
1.0655999999999994,148,7.319,5.292,5.057
1.0727999999999995,149,7.444,5.488,5.029
1.0799999999999996,150,7.551,5.692,4.961
1.0871999999999997,151,7.638,5.856,4.904
1.0943999999999998,152,7.712,5.997,4.85
1.1016,153,7.77,6.178,4.712
1.1088,154,7.809,6.306,4.606
1.116,155,7.832,6.411,4.499
1.1232000000000002,156,7.84,6.553,4.304
1.1304000000000003,157,7.836,6.632,4.173
1.1376000000000004,158,7.817,6.702,4.025
1.1448000000000005,159,7.785,6.755,3.871
1.1520000000000006,160,7.742,6.803,3.696
1.1592000000000007,161,7.69,6.84,3.513
1.1664000000000008,162,7.626,6.845,3.362
1.1736000000000009,163,7.552,6.857,3.164
1.180800000000001,164,7.471,6.866,2.944
1.188000000000001,165,7.384,6.845,2.769
1.1952000000000012,166,7.291,6.808,2.609
1.2024000000000012,167,7.189,6.774,2.405
1.2096000000000013,168,7.083,6.716,2.251
1.2168000000000014,169,6.973,6.662,2.059
1.2240000000000015,170,6.86,6.584,1.925
1.2312000000000016,171,6.744,6.512,1.755
1.2384000000000017,172,6.625,6.433,1.584
1.2456000000000018,173,6.505,6.345,1.435
1.252800000000002,174,6.383,6.249,1.302
1.260000000000002,175,6.26,6.151,1.161
1.267200000000002,176,6.136,6.046,1.048
1.2744000000000022,177,6.012,5.945,0.891
1.2816000000000023,178,5.887,5.836,0.777
1.2888000000000024,179,5.763,5.719,0.712
1.2960000000000025,180,5.639,5.608,0.59
1.3032000000000026,181,5.517,5.497,0.467
1.3104000000000027,182,5.394,5.382,0.365
1.3176000000000028,183,5.274,5.266,0.29
1.3248000000000029,184,5.154,5.151,0.192
1.332000000000003,185,5.036,5.034,0.139
1.339200000000003,186,4.92,4.92,0.077
1.3464000000000031,187,4.805,4.805,-0.037
1.3536000000000032,188,4.693,4.692,-0.09
1.3608000000000033,189,4.582,4.58,-0.118
1.3680000000000034,190,4.472,4.469,-0.182
1.3752000000000035,191,4.365,4.357,-0.265
1.3824000000000036,192,4.259,4.251,-0.273
1.3896000000000037,193,4.156,4.142,-0.335
1.3968000000000038,194,4.053,4.034,-0.395
1.404000000000004,195,3.954,3.931,-0.424
1.411200000000004,196,3.856,3.832,-0.427
1.418400000000004,197,3.759,3.727,-0.494
1.4256000000000042,198,3.666,3.632,-0.498
1.4328000000000043,199,3.573,3.533,-0.531
1.4400000000000044,200,3.483,3.44,-0.544
1.4472000000000045,201,3.394,3.345,-0.577
1.4544000000000046,202,3.308,3.254,-0.593
1.4616000000000047,203,3.223,3.165,-0.612
1.4688000000000048,204,3.14,3.077,-0.626
1.4760000000000049,205,3.059,2.997,-0.61
1.483200000000005,206,2.978,2.908,-0.642
1.490400000000005,207,2.9,2.83,-0.635
1.4976000000000051,208,2.823,2.751,-0.634
1.5048000000000052,209,2.749,2.674,-0.639
1.5120000000000053,210,2.675,2.593,-0.655
1.5192000000000054,211,2.603,2.516,-0.664
1.5264000000000055,212,2.532,2.449,-0.645
1.5336000000000056,213,2.463,2.372,-0.661
1.5408000000000057,214,2.395,2.304,-0.656
1.5480000000000058,215,2.329,2.234,-0.66
1.555200000000006,216,2.264,2.173,-0.637
1.562400000000006,217,2.2,2.101,-0.651
1.569600000000006,218,2.137,2.043,-0.628
1.5768000000000062,219,2.076,1.975,-0.638
1.5840000000000063,220,2.015,1.918,-0.619
1.5912000000000064,221,1.956,1.854,-0.622
1.5984000000000065,222,1.898,1.797,-0.61
1.6056000000000066,223,1.84,1.739,-0.603
1.6128000000000067,224,1.784,1.687,-0.582
1.6200000000000068,225,1.729,1.629,-0.579
1.6272000000000069,226,1.675,1.576,-0.566
1.634400000000007,227,1.621,1.522,-0.559
1.641600000000007,228,1.569,1.469,-0.551
1.6488000000000071,229,1.517,1.421,-0.53
1.6560000000000072,230,1.466,1.367,-0.528
1.6632000000000073,231,1.416,1.323,-0.504
1.6704000000000074,232,1.366,1.272,-0.498
1.6776000000000075,233,1.317,1.225,-0.484
1.6848000000000076,234,1.269,1.177,-0.475
1.6920000000000077,235,1.222,1.131,-0.462
1.6992000000000078,236,1.175,1.086,-0.447
1.706400000000008,237,1.128,1.042,-0.434
1.713600000000008,238,1.083,0.999,-0.418
1.720800000000008,239,1.038,0.959,-0.397
1.7280000000000082,240,0.994,0.917,-0.383
1.7352000000000083,241,0.95,0.873,-0.373
1.7424000000000084,242,0.906,0.834,-0.354
1.7496000000000085,243,0.863,0.793,-0.341
1.7568000000000086,244,0.821,0.753,-0.326
1.7640000000000087,245,0.779,0.714,-0.312
1.7712000000000088,246,0.737,0.674,-0.299
1.7784000000000089,247,0.695,0.635,-0.284
1.785600000000009,248,0.655,0.597,-0.269
1.792800000000009,249,0.614,0.559,-0.253
1.8000000000000091,250,0.574,0.523,-0.236
1.8072000000000092,251,0.534,0.488,-0.218
1.8144000000000093,252,0.494,0.45,-0.204
1.8216000000000094,253,0.455,0.414,-0.188
1.8288000000000095,254,0.416,0.377,-0.174
1.8360000000000096,255,0.377,0.343,-0.157
1.8432000000000097,256,0.338,0.307,-0.142
1.8504000000000098,257,0.3,0.272,-0.126
1.85760000000001,258,0.262,0.237,-0.11
1.86480000000001,259,0.224,0.203,-0.094
1.87200000000001,260,0.186,0.169,-0.079
1.8792000000000102,261,0.148,0.134,-0.063
1.8864000000000103,262,0.111,0.101,-0.047
1.8936000000000104,263,0.074,0.067,-0.031
1.9008000000000105,264,0.037,0.033,-0.015
1.9080000000000106,265,0,0,0
1.9152000000000107,266,0.037,-0.034,0.015
1.9224000000000108,267,0.074,-0.067,0.031
1.9296000000000109,268,0.111,-0.1,0.046
1.936800000000011,269,0.147,-0.133,0.063
1.944000000000011,270,0.184,-0.167,0.078
1.9512000000000111,271,0.22,-0.2,0.093
1.9584000000000112,272,0.257,-0.233,0.108
1.9656000000000113,273,0.293,-0.266,0.123
1.9728000000000114,274,0.33,-0.299,0.139
1.9800000000000115,275,0.366,-0.332,0.154
1.9872000000000116,276,0.402,-0.366,0.166
1.9944000000000117,277,0.438,-0.399,0.181
2.001600000000012,278,0.475,-0.431,0.198
2.008800000000012,279,0.511,-0.465,0.211
2.016000000000012,280,0.547,-0.499,0.223
2.023200000000012,281,0.583,-0.531,0.24
2.030400000000012,282,0.619,-0.564,0.255
2.0376000000000123,283,0.655,-0.598,0.267
2.0448000000000124,284,0.691,-0.631,0.283
2.0520000000000125,285,0.727,-0.667,0.291
2.0592000000000126,286,0.764,-0.701,0.302
2.0664000000000127,287,0.8,-0.733,0.32
2.0736000000000128,288,0.836,-0.767,0.332
2.080800000000013,289,0.872,-0.803,0.341
2.088000000000013,290,0.908,-0.837,0.352
2.095200000000013,291,0.944,-0.868,0.372
2.102400000000013,292,0.98,-0.903,0.381
2.1096000000000132,293,1.016,-0.938,0.392
2.1168000000000133,294,1.053,-0.971,0.406
2.1240000000000134,295,1.089,-1.009,0.409
2.1312000000000135,296,1.125,-1.042,0.424
2.1384000000000136,297,1.161,-1.078,0.43
2.1456000000000137,298,1.197,-1.115,0.436
2.152800000000014,299,1.233,-1.147,0.454
2.160000000000014,300,1.269,-1.181,0.465
2.167200000000014,301,1.306,-1.216,0.474
2.174400000000014,302,1.342,-1.254,0.477
2.181600000000014,303,1.378,-1.29,0.484
2.1888000000000143,304,1.413,-1.325,0.492
2.1960000000000144,305,1.449,-1.36,0.501
2.2032000000000145,306,1.485,-1.394,0.512
2.2104000000000146,307,1.521,-1.432,0.512
2.2176000000000147,308,1.557,-1.471,0.51
2.2248000000000148,309,1.593,-1.503,0.526
2.232000000000015,310,1.628,-1.539,0.532
2.239200000000015,311,1.664,-1.579,0.525
2.246400000000015,312,1.699,-1.616,0.525
2.253600000000015,313,1.735,-1.651,0.534
2.2608000000000152,314,1.77,-1.689,0.53
2.2680000000000153,315,1.805,-1.725,0.532
2.2752000000000154,316,1.84,-1.762,0.533
2.2824000000000155,317,1.875,-1.798,0.534
2.2896000000000156,318,1.91,-1.829,0.551
2.2968000000000157,319,1.945,-1.867,0.547
2.304000000000016,320,1.98,-1.904,0.542
2.311200000000016,321,2.014,-1.941,0.537
2.318400000000016,322,2.049,-1.979,0.532
2.325600000000016,323,2.083,-2.013,0.536
2.332800000000016,324,2.117,-2.048,0.535
2.3400000000000163,325,2.151,-2.088,0.515
2.3472000000000164,326,2.184,-2.122,0.518
2.3544000000000165,327,2.218,-2.155,0.523
2.3616000000000166,328,2.251,-2.192,0.513
2.3688000000000167,329,2.284,-2.226,0.509
2.3760000000000168,330,2.317,-2.266,0.482
2.383200000000017,331,2.349,-2.298,0.485
2.390400000000017,332,2.381,-2.336,0.463
2.397600000000017,333,2.414,-2.369,0.46
2.404800000000017,334,2.445,-2.402,0.457
2.4120000000000172,335,2.477,-2.438,0.437
2.4192000000000173,336,2.508,-2.473,0.418
2.4264000000000174,337,2.539,-2.504,0.418
2.4336000000000175,338,2.57,-2.539,0.394
2.4408000000000176,339,2.6,-2.572,0.382
2.4480000000000177,340,2.63,-2.602,0.381
2.455200000000018,341,2.66,-2.635,0.366
2.462400000000018,342,2.69,-2.669,0.331
2.469600000000018,343,2.719,-2.701,0.311
2.476800000000018,344,2.747,-2.73,0.309
2.484000000000018,345,2.776,-2.761,0.292
2.4912000000000183,346,2.805,-2.793,0.254
2.4984000000000184,347,2.832,-2.823,0.233
2.5056000000000185,348,2.86,-2.85,0.238
2.5128000000000186,349,2.887,-2.881,0.19
2.5200000000000187,350,2.914,-2.909,0.167
2.5272000000000188,351,2.94,-2.936,0.165
2.534400000000019,352,2.966,-2.963,0.148
2.541600000000019,353,2.992,-2.99,0.122
2.548800000000019,354,3.018,-3.016,0.088
2.556000000000019,355,3.042,-3.042,0.072
2.5632000000000192,356,3.067,-3.067,0.017
2.5704000000000193,357,3.091,-3.091,0.019
2.5776000000000194,358,3.115,-3.115,-0.016
2.5848000000000195,359,3.139,-3.138,-0.067
2.5920000000000196,360,3.162,-3.16,-0.08
